episode,episode_length,episode_reward,episode_success,frame,step,total_time
0.0,100.0,6.69,0.53,0,0.0,45.41493368148804
0.0,100.0,6.98,0.56,0,0.0,68.99250602722168
100.0,100.0,0.0,0.0,10000,5000.0,2309.3579576015472
